PPN;EPN;Jahr;VD
567977846;;1601;
567776174;;1601;
784855013;;1600;
784854513;;1600;
728627728;;1600;
568230248;;1600;
568220323;123600685;1600;
568214560;;1600;
568168674;;1600;
568144759;;1600;
568144740;556102126;1600;
568105087;;1600;
568086112;;1600;
568056647;;1600;
568050924;122746643;1600;
568050916;;1600;
568040465;123679141;1600;
568040465;132023539;1600;
568040465;132023547;1600;
568040465;132023555;1600;
568040465;132023563;1600;
568034759;;1600;
56803158X;131805592;1600;
56803158X;131805606;1600;
56803158X;131805614;1600;
568005163;12353951X;1600;
567991997;123603226;1600;
567955648;127297332;1600;
567955648;127297340;1600;
567955648;127297359;1600;
567955648;127297367;1600;
567938190;;1600;
567936287;;1600;
567917185;;1600;
56790184X;;1600;
56788550X;;1600;
567881628;123603498;1600;
567881628;12360348X;1600;
567881628;123603501;1600;
567881628;12360351X;1600;
567881628;123603528;1600;
567862046;;1600;
567785092;;1600;
567783383;131942123;1600;
567783383;178419087;1600;
567777065;190980478;1600;
567777065;19098046X;1600;
567777065;223395323;1600;
567768333;;1600;
567757978;122826698;1600;
567757978;122826701;1600;
567746356;;1600;
567738396;;1600;
567727114;;1600;
56772610X;;1600;
567724190;;1600;
567724123;;1600;
567708640;;1600;
567707857;;1600;
567678733;;1600;
567678431;;1600;
567675955;289011825;1600;
567663310;289762510;1600;
567632709;;1600;
567628973;290981212;1600;
567627918;;1600;
567627195;;1600;
567624676;291624316;1600;
56757718X;289765234;1600;
567571939;;1600;
56755922X;28922294X;1600;
567549704;;1600;
567545644;;1600;
567524442;;1600;
567518280;;1600;
567509109;;1600;
567462323;;1600;
567430928;;1600;
567418073;;1600;
567353060;123644348;1600;
567353060;12364433X;1600;
567353060;123644356;1600;
567348776;123602564;1600;
567348776;123601789;1600;
567339920;126726469;1600;
567332586;;1600;
567300803;123603021;1600;
567300633;;1600;
567276619;123469805;1600;
567273725;;1600;
567255441;122831462;1600;
567251055;122822846;1600;
567251055;378968483;1600;
567234010;126719160;1600;
567211819;;1600;
567211169;;1600;
567206688;289699029;1600;
558994202;;1600;
784849692;;1599;
568232232;142341851;1599;
568232232;14234186X;1599;
568224833;142328235;1599;
568224833;142328243;1599;
568216644;127328459;1599;
568216644;127328467;1599;
568216644;232549885;1599;
568212347;;1599;
568161637;;1599;
568137825;25262582X;1599;
568137825;252625838;1599;
568137825;573987386;1599;
568070712;132558289;1599;
568070712;132558297;1599;
568052382;;1599;
567996638;;1599;
56799659X;1869336097;1599;
567977870;181408848;1599;
567965740;;1599;
567959570;;1599;
567943860;;1599;
567936759;152021248;1599;
567936759;152021256;1599;
567886018;123601541;1599;
567886018;123601533;1599;
567867749;;1599;
567756203;;1599;
567738108;;1599;
567730875;;1599;
567728889;;1599;
567704173;;1599;
567697258;;1599;
567691411;;1599;
56769139X;;1599;
567687929;;1599;
567654346;;1599;
567646599;;1599;
56763244X;;1599;
56762899X;;1599;
567588114;;1599;
567571122;123599628;1599;
567571122;123599636;1599;
567551636;293377693;1599;
567527883;12387503X;1599;
567526194;123476224;1599;
567525317;123031109;1599;
567518248;170972194;1599;
56751563X;;1599;
567462188;230600514;1599;
567429520;;1599;
567418723;;1599;
567327868;;1599;
567327248;124697224;1599;
567327248;240174526;1599;
567327248;240177800;1599;
567327248;240177819;1599;
567327248;240177827;1599;
567323870;124788947;1599;
567323870;124788955;1599;
567323870;124788963;1599;
567323870;273215078;1599;
567287769;12282217X;1599;
567286908;123232392;1599;
56727926X;136231322;1599;
567257436;123601495;1599;
567256804;123603056;1599;
567256804;123603064;1599;
567225380;122826426;1599;
567225380;122826434;1599;
567185257;;1599;
558994555;;1599;
728622610;;1598;
610005030;;1598;
568232240;;1598;
568229592;123600707;1598;
568229592;123600693;1598;
568226704;;1598;
568226100;;1598;
568221753;;1598;
568188748;;1598;
568176669;;1598;
568135946;;1598;
568114027;;1598;
568034767;;1598;
568005155;217429076;1598;
567995771;123506077;1598;
567995771;123506085;1598;
567995771;123506093;1598;
567995771;1238687261;1598;
567995771;1238687334;1598;
567995607;123505437;1598;
567995607;123505445;1598;
567995607;123505453;1598;
567995607;123505461;1598;
567995607;12350547X;1598;
567970191;;1598;
567928985;;1598;
567893642;;1598;
567874559;123411254;1598;
567874559;123411262;1598;
567874559;123411270;1598;
567874559;123411289;1598;
567874559;123411297;1598;
567874559;175002339;1598;
567874559;175002347;1598;
567859258;123603390;1598;
567859258;128564784;1598;
567796264;;1598;
567789314;;1598;
567769550;;1598;
56775295X;;1598;
56775023X;;1598;
567749924;;1598;
567726142;;1598;
567724816;;1598;
56767262X;;1598;
567672530;;1598;
567622746;;1598;
567606007;;1598;
56760599X;;1598;
567605981;;1598;
567605973;;1598;
567605965;;1598;
567605957;;1598;
567585409;;1598;
567584461;;1598;
567555240;;1598;
567543064;;1598;
567505715;;1598;
567502139;283869992;1598;
567472221;;1598;
567450872;;1598;
567425584;;1598;
567422623;12493319X;1598;
567422623;124933203;1598;
567422623;129627755;1598;
567422623;129627763;1598;
567422623;140711805;1598;
56737193X;;1598;
567352226;;1598;
567333000;122822749;1598;
567328783;;1598;
567309797;;1598;
567302490;126722242;1598;
567296997;;1598;
567295893;;1598;
567255654;123505534;1598;
567255654;123505496;1598;
567255654;12350550X;1598;
567255654;123505518;1598;
567255654;123505526;1598;
567255654;123505488;1598;
567209504;122822188;1598;
567190153;;1598;
567190021;;1598;
567190005;;1598;
567189996;;1598;
567186199;;1598;
567185559;;1598;
558994121;;1598;
784850992;;1597;
568224922;;1597;
568216156;;1597;
568213084;;1597;
568186664;;1597;
568172264;123031087;1597;
568151259;;1597;
56812233X;138381577;1597;
568120612;;1597;
568116798;;1597;
568104412;122994876;1597;
568080114;290977622;1597;
568080114;290977630;1597;
568080114;290977649;1597;
568080114;290977657;1597;
568080114;290977738;1597;
568076249;;1597;
568073746;223674273;1597;
568073746;290974771;1597;
568073746;29097478X;1597;
56807159X;;1597;
568068793;;1597;
568055365;;1597;
568055357;;1597;
568055292;;1597;
568055225;;1597;
568034740;123391296;1597;
568033299;;1597;
568031555;290973678;1597;
568031555;290973686;1597;
568016572;;1597;
568011317;;1597;
568005198;217426166;1597;
56800518X;217408761;1597;
567977889;124590179;1597;
567977889;18140530X;1597;
567974995;;1597;
567969908;;1597;
567954102;;1597;
567943895;;1597;
567910881;126948763;1597;
567910881;126948771;1597;
567910881;12694878X;1597;
567805360;;1597;
567794199;;1597;
567783960;123539544;1597;
567769909;;1597;
567763315;;1597;
567762319;;1597;
567760510;;1597;
567756254;;1597;
56773904X;;1597;
567732029;;1597;
567731596;124947840;1597;
567726800;;1597;
567691381;;1597;
567670414;;1597;
567660362;;1597;
567625737;;1597;
567619303;;1597;
567610071;;1597;
567609820;;1597;
567605949;;1597;
567605930;;1597;
567605922;;1597;
567605914;;1597;
567605906;;1597;
567605892;;1597;
567605884;;1597;
567605876;;1597;
567602869;;1597;
567592472;;1597;
56758884X;;1597;
567558436;;1597;
567549666;;1597;
567544265;;1597;
567528200;;1597;
567517624;;1597;
567514919;231695640;1597;
567511715;;1597;
567482022;;1597;
567442772;;1597;
567435385;;1597;
567421112;223733415;1597;
567421112;223558842;1597;
567406016;;1597;
567391906;;1597;
567352021;;1597;
567332977;;1597;
567302458;;1597;
567264602;;1597;
567245063;124505562;1597;
567245063;124505570;1597;
567239721;124890784;1597;
567239721;124890792;1597;
567230546;;1597;
78485355X;;1596;
784850267;;1596;
568232771;123478693;1596;
568232771;136372570;1596;
56822681X;;1596;
568220226;;1596;
568213335;124346898;1596;
568213335;401165566;1596;
568192915;;1596;
568172272;174555571;1596;
568170903;;1596;
568121082;;1596;
568121058;;1596;
568120949;29098324X;1596;
568116879;;1596;
568111850;123694051;1596;
568111850;274438771;1596;
568105095;;1596;
56808151X;;1596;
568076125;;1596;
568073592;;1596;
568048547;;1596;
568034813;;1596;
568031571;;1596;
568018281;;1596;
568003853;;1596;
567987477;12287031X;1596;
567987477;122870328;1596;
567987477;122870336;1596;
567986802;;1596;
56797782X;;1596;
56797779X;124589898;1596;
56797779X;325910170;1596;
567969614;;1596;
567943011;156956128;1596;
567940306;473763451;1596;
567936783;123389461;1596;
567936783;12338947X;1596;
567924653;;1596;
567910431;123603595;1596;
567901262;123547830;1596;
567901262;123547849;1596;
567886611;;1596;
567881083;;1596;
567871010;;1596;
567796426;;1596;
567796396;;1596;
567789810;;1596;
567777057;;1596;
567773590;;1596;
567771504;401163628;1596;
567761479;;1596;
567759369;;1596;
567743721;;1596;
567736636;;1596;
567728706;;1596;
567725227;;1596;
567715655;;1596;
567688461;;1596;
567685160;;1596;
567677575;;1596;
567671577;293568170;1596;
567659658;;1596;
567658155;;1596;
567646815;123626412;1596;
567611310;;1596;
567605000;123169186;1596;
567574938;;1596;
567539431;;1596;
567526291;;1596;
567508293;;1596;
567485250;;1596;
567477584;;1596;
567441679;;1596;
567428117;;1596;
567417913;;1596;
567357155;;1596;
567342395;122822730;1596;
567341674;;1596;
567338517;;1596;
56732222X;122820460;1596;
56732222X;379215675;1596;
567309630;;1596;
567294188;;1596;
567287335;126724644;1596;
567287335;126724652;1596;
567278875;;1596;
567261832;;1596;
567257541;473762870;1596;
567257541;473763443;1596;
567256405;;1596;
567250458;;1596;
567246574;126720568;1596;
567246574;126720851;1596;
567241505;;1596;
567236854;126719985;1596;
567204480;;1596;
567197530;126726361;1596;
567189678;;1596;
78485548X;;1595;
784850488;;1595;
78485047X;;1595;
784850305;;1595;
784850275;;1595;
784850208;;1595;
784850194;;1595;
784850178;;1595;
784850062;;1595;
784850054;;1595;
784850046;;1595;
568220439;123603161;1595;
568220439;12360317X;1595;
568220439;123603188;1595;
568220439;123603196;1595;
568214196;;1595;
568193458;;1595;
568172329;290612373;1595;
568146980;327615060;1595;
568146980;327616776;1595;
568146980;327616784;1595;
568146980;327616792;1595;
568146980;327616806;1595;
568116909;;1595;
568112326;;1595;
568099613;;1595;
568068785;;1595;
568012844;;1595;
568010221;124046282;1595;
568010221;124046274;1595;
568010221;124046290;1595;
568010221;124046304;1595;
568010221;218985827;1595;
568005503;;1595;
568004175;;1595;
567974731;;1595;
567936732;126951241;1595;
567936724;123232449;1595;
567909271;473665417;1595;
567909271;473665425;1595;
567909271;473665433;1595;
567902021;;1595;
567899829;124383327;1595;
567885976;;1595;
567885224;288765249;1595;
567867730;;1595;
567859169;;1595;
56779640X;;1595;
567780333;12434335X;1595;
567780333;124343368;1595;
567780333;124343376;1595;
567780333;140673520;1595;
567780333;252622944;1595;
567777936;;1595;
567769895;;1595;
567758273;;1595;
567753859;;1595;
567749401;;1595;
567743713;;1595;
567735729;124346421;1595;
567735729;383139031;1595;
567726452;;1595;
567723593;;1595;
567714527;;1595;
567711889;;1595;
567705323;;1595;
567703371;;1595;
567699781;;1595;
567682617;;1595;
567669297;;1595;
567633306;;1595;
567622525;124323650;1595;
567622525;124323669;1595;
567622525;175425760;1595;
567622525;185878423;1595;
567617017;;1595;
567611736;;1595;
56760814X;290985242;1595;
56760814X;286614707;1595;
567591077;;1595;
567581551;;1595;
567577910;291643914;1595;
567576426;;1595;
567575993;;1595;
567575772;;1595;
567573192;279610203;1595;
56755368X;;1595;
56754138X;;1595;
567528170;;1595;
567515079;;1595;
567481719;156543524;1595;
567477339;124625371;1595;
567474356;;1595;
567461483;290979056;1595;
567461483;290979064;1595;
567461483;290979072;1595;
567461483;1238273475;1595;
567438023;124625177;1595;
567431827;29032730X;1595;
567421902;;1595;
567409473;;1595;
567408442;;1595;
567405826;123539560;1595;
567397963;;1595;
567396207;;1595;
567340171;;1595;
567333736;;1595;
567331881;;1595;
567301915;122815858;1595;
567283100;122822668;1595;
567279197;;1595;
567273709;;1595;
567251012;;1595;
567250644;;1595;
567250342;122823001;1595;
567245209;122826760;1595;
567239535;12282296X;1595;
567237214;126725284;1595;
567237214;379372886;1595;
567199614;;1595;
567192830;;1595;
823667154;;1594;
784850291;;1594;
784850232;;1594;
784850186;;1594;
728615487;;1594;
568247302;;1594;
568223152;123368758;1594;
568223152;123368766;1594;
568223152;123368774;1594;
568223152;123368782;1594;
568223152;123368790;1594;
568223152;123368804;1594;
568223152;123368812;1594;
568223152;123368820;1594;
568220307;;1594;
568218582;;1594;
568200241;320434710;1594;
568200241;320434729;1594;
568200241;320434737;1594;
568200241;320434745;1594;
568200241;320434753;1594;
568200241;320434761;1594;
568200241;32043477X;1594;
568200241;320434788;1594;
568155025;;1594;
568133102;;1594;
568116852;;1594;
568112008;;1594;
568097572;;1594;
568079019;;1594;
568079000;;1594;
568078446;123390451;1594;
568078446;12339046X;1594;
568070496;;1594;
568064321;;1594;
568064275;229570380;1594;
568056639;;1594;
568056620;;1594;
568056612;231925492;1594;
568056612;231925484;1594;
568056612;595560865;1594;
568056612;595749518;1594;
568056604;575256850;1594;
568056604;595555462;1594;
568056604;595749666;1594;
568031598;122746678;1594;
568031563;122746635;1594;
567973662;;1594;
567971546;174898894;1594;
567955451;234093862;1594;
567955451;291822991;1594;
567955451;291823009;1594;
567955451;291823017;1594;
567955451;291823025;1594;
567936708;126945918;1594;
567933725;;1594;
567916979;;1594;
567885526;123602246;1594;
567885526;123602254;1594;
567885526;132142236;1594;
567877817;;1594;
567803651;123601568;1594;
567803651;12360155X;1594;
567803651;123601576;1594;
567803651;123601584;1594;
567803651;123601592;1594;
567803651;123601606;1594;
567803651;123601614;1594;
567803651;123601622;1594;
567803651;123601630;1594;
567802914;123603323;1594;
567802914;123603331;1594;
567802914;12360334X;1594;
567802914;123603358;1594;
567802914;12360026X;1594;
567796388;;1594;
567794261;12690152X;1594;
567784991;233549609;1594;
567784991;233549617;1594;
567784991;233549625;1594;
567779335;124512143;1594;
567779335;190918187;1594;
567769887;;1594;
567768910;;1594;
567763730;122822625;1594;
567763730;122822633;1594;
567763730;122822641;1594;
567741613;233548041;1594;
567735176;;1594;
567683575;;1594;
567669998;;1594;
567664511;;1594;
567662780;;1594;
567662764;;1594;
567662713;;1594;
567662160;;1594;
567650340;;1594;
567614441;;1594;
567608700;;1594;
567589315;;1594;
567570444;;1594;
567567273;;1594;
567555097;;1594;
567548252;222231785;1594;
567540421;;1594;
567538095;;1594;
567535266;;1594;
567528162;;1594;
567528154;;1594;
567528146;;1594;
567528138;;1594;
56752812X;;1594;
567528111;;1594;
567518930;;1594;
567518744;;1594;
567498883;;1594;
56749070X;;1594;
567462757;;1594;
56744922X;;1594;
567418162;;1594;
567401111;232385432;1594;
567357511;124524311;1594;
567355993;;1594;
567341917;122826639;1594;
567338835;;1594;
567317250;122822994;1594;
567311228;;1594;
567310884;;1594;
567309215;;1594;
567303012;122822811;1594;
567289877;122820339;1594;
567286037;;1594;
567280292;122826493;1594;
567276341;136229859;1594;
567275566;12282279X;1594;
567261697;;1594;
567261638;;1594;
567251357;122826418;1594;
567251284;;1594;
567251063;122822838;1594;
567250725;;1594;
56723018X;122822684;1594;
567208192;;1594;
567197417;143542044;1594;
1471623017;;1593;
823386430;;1593;
784856982;;1593;
749721464;;1593;
728625253;;1593;
72862172X;;1593;
568247191;;1593;
568229711;;1593;
568222792;;1593;
568220080;123600502;1593;
568220080;123600510;1593;
568220080;123600529;1593;
568220080;123600537;1593;
568219805;124798659;1593;
568210344;;1593;
568116860;;1593;
568116844;123085160;1593;
568116844;123085179;1593;
568116844;123085187;1593;
568116844;123085195;1593;
568116844;123085209;1593;
568116844;123085217;1593;
568116844;123085225;1593;
568116844;123085233;1593;
568116844;123085241;1593;
56807176X;;1593;
568003179;124622038;1593;
568003179;124622046;1593;
568003179;124622054;1593;
567983838;;1593;
567977838;571570186;1593;
567974723;;1593;
567952088;;1593;
567938468;;1593;
567936767;123232414;1593;
567936740;;1593;
567901270;38218890X;1593;
567885771;123603447;1593;
567885771;123603455;1593;
567885771;171044193;1593;
567885771;171044207;1593;
567885771;171044215;1593;
567796418;122826647;1593;
567786692;14234172X;1593;
567774449;;1593;
567767124;;1593;
567763684;;1593;
567749096;122820266;1593;
56773062X;;1593;
567727602;;1593;
567724921;;1593;
567716082;;1593;
56771358X;;1593;
567699250;;1593;
56768556X;;1593;
567684989;;1593;
567680053;;1593;
567677788;;1593;
567668282;;1593;
567662691;;1593;
567662683;;1593;
567662659;;1593;
567662438;;1593;
567662004;;1593;
56766189X;;1593;
567661717;;1593;
567661679;;1593;
567661350;;1593;
567660338;;1593;
567631680;;1593;
56762823X;;1593;
56762661X;;1593;
567607151;;1593;
56760585X;;1593;
567576523;;1593;
567565165;;1593;
567558703;;1593;
567548244;;1593;
567539997;;1593;
567528081;379225611;1593;
567528073;;1593;
567528057;;1593;
567528049;;1593;
567528030;;1593;
567528022;;1593;
567528014;;1593;
567528006;;1593;
567525139;;1593;
56751059X;;1593;
567507572;;1593;
56747142X;;1593;
567463680;124786995;1593;
567461009;;1593;
56742684X;;1593;
567412148;;1593;
567399680;;1593;
56734438X;;1593;
56730065X;12282265X;1593;
567290131;122869478;1593;
567290131;122869486;1593;
567290131;122869494;1593;
56727585X;122820312;1593;
567273210;122820452;1593;
567257045;142329495;1593;
567257045;142329509;1593;
567255085;122820347;1593;
567242269;122820320;1593;
567230147;147773717;1593;
567230147;123636299;1593;
567230147;147773695;1593;
567230147;147773733;1593;
567230147;147773725;1593;
567230147;147773709;1593;
567230147;147773741;1593;
567222810;123603277;1593;
567222810;123603285;1593;
567222810;276302419;1593;
567214842;123601649;1593;
567214842;123601657;1593;
567214842;171001214;1593;
567199347;136228380;1593;
567190064;;1593;
567189627;;1593;
567186555;;1593;
567184757;;1593;
823695069;;1592;
568220366;123602742;1592;
568220366;123602750;1592;
568220366;123602769;1592;
568220366;123602777;1592;
568220366;123602785;1592;
568220366;123602793;1592;
568220366;123602807;1592;
568220293;;1592;
568191862;;1592;
568161602;;1592;
568126807;667364439;1592;
568123271;175166897;1592;
568123271;124367860;1592;
568123271;175166900;1592;
568116917;;1592;
568116895;;1592;
568091213;292275684;1592;
568080750;;1592;
568061012;145538540;1592;
568056590;;1592;
568055349;;1592;
568055306;;1592;
568011880;;1592;
568003160;;1592;
56800230X;;1592;
567997219;123901553;1592;
567988929;;1592;
567977897;123515009;1592;
567970558;;1592;
56797054X;;1592;
567920011;123602475;1592;
567920011;123602483;1592;
567920011;123602491;1592;
567920011;171002024;1592;
567920011;171002032;1592;
567910334;;1592;
567803635;12360088X;1592;
567803635;123600898;1592;
567803635;123600901;1592;
567803635;12360091X;1592;
567799794;149126840;1592;
567799794;149126832;1592;
567799794;289743273;1592;
567799794;289743281;1592;
567788946;;1592;
567759555;;1592;
567756319;;1592;
567755843;185355080;1592;
567755843;185355064;1592;
567750221;;1592;
567744191;;1592;
567717399;;1592;
567705935;1163071684;1592;
567705935;1163071765;1592;
567705935;1163071773;1592;
567693651;;1592;
567691403;;1592;
567666778;;1592;
567664694;;1592;
567643263;1782477853;1592;
56763745X;;1592;
567631656;123444837;1592;
567629376;;1592;
567625818;;1592;
567616908;;1592;
567610349;;1592;
567585883;;1592;
567576507;;1592;
567550745;290972787;1592;
567547701;;1592;
567527999;;1592;
567527980;;1592;
567462811;123049709;1592;
567457583;;1592;
567435601;;1592;
567412997;123300177;1592;
567412997;123300169;1592;
567410978;;1592;
567403327;;1592;
567300676;;1592;
567239764;;1592;
567234924;123489938;1592;
567190099;;1592;
567189643;;1592;
79165771X;;1591;
791646068;;1591;
568220412;;1591;
568161491;;1591;
568087518;;1591;
568078543;;1591;
568055284;;1591;
568055233;;1591;
568055217;;1591;
568034155;123959284;1591;
568034155;123959292;1591;
568034155;123959306;1591;
568024788;;1591;
568005996;;1591;
56799547X;123087899;1591;
56799547X;123087902;1591;
567991741;;1591;
567970523;123490421;1591;
567970523;12349043X;1591;
567970396;;1591;
567969959;;1591;
567942678;;1591;
567926338;;1591;
567902730;;1591;
567901246;;1591;
567892816;12316088X;1591;
567800814;;1591;
567795306;;1591;
567785254;;1591;
567773558;;1591;
567770516;;1591;
567762726;602048702;1591;
567762726;290982480;1591;
567757404;;1591;
567728501;;1591;
567727815;;1591;
567724506;;1591;
567700070;;1591;
567685527;;1591;
567640582;292329059;1591;
567635600;;1591;
567615863;276873432;1591;
567601277;123391342;1591;
567583562;;1591;
567570673;;1591;
56755869X;125051786;1591;
56754396X;;1591;
567424227;125051794;1591;
567418081;;1591;
567401189;17266215X;1591;
567327639;122937732;1591;
567323927;171001591;1591;
567323927;123601975;1591;
567323927;123601983;1591;
567316971;;1591;
567279669;128285346;1591;
567235939;;1591;
567232476;;1591;
567232468;125045859;1591;
567232468;123394813;1591;
567232468;123394821;1591;
567232468;12339483X;1591;
567226697;123601940;1591;
567205584;122884086;1591;
567205584;178401501;1591;
56720510X;;1591;
56718966X;;1591;
56718143X;;1591;
784854858;;1590;
728625229;;1590;
568234227;123250099;1590;
568234227;136193056;1590;
568234227;136193064;1590;
568234227;136193072;1590;
568234227;136193080;1590;
568227425;;1590;
568225376;124469582;1590;
568225376;124469590;1590;
568225376;124469604;1590;
568225376;124469612;1590;
568224817;;1590;
568202171;;1590;
568202163;;1590;
568202155;;1590;
568202147;;1590;
568202139;;1590;
568202120;;1590;
568184262;473674351;1590;
568184262;47367436X;1590;
568144732;122875311;1590;
568144732;12287532X;1590;
568144732;122875338;1590;
568144732;122875346;1590;
568116828;;1590;
568116801;;1590;
568107578;;1590;
568104420;261420437;1590;
568104420;261420445;1590;
568104420;261420453;1590;
568104420;261420461;1590;
568104420;26142047X;1590;
568104420;261420488;1590;
568072847;291990142;1590;
568034783;123391318;1590;
568034783;123391326;1590;
568034783;123391334;1590;
567982408;;1590;
567970272;;1590;
567970264;;1590;
567969940;;1590;
56796986X;;1590;
567963632;;1590;
567941183;;1590;
567920054;125045824;1590;
567920054;125045832;1590;
567920054;125045840;1590;
567882225;;1590;
567794083;;1590;
567777677;123072506;1590;
567777677;123072492;1590;
567777677;123072530;1590;
567777677;123072522;1590;
567777677;123072484;1590;
567777677;1252888635;1590;
567777677;1252888791;1590;
567772586;23885471X;1590;
567772586;15253749X;1590;
567772586;152537295;1590;
567772586;238854701;1590;
567753506;;1590;
567746348;;1590;
567739759;;1590;
567728617;;1590;
567727858;;1590;
567727513;;1590;
567726061;;1590;
56772008X;;1590;
567717224;;1590;
567712869;;1590;
56770050X;;1590;
56769996X;;1590;
567690199;;1590;
567686930;;1590;
567685381;;1590;
567642631;246668369;1590;
567621553;;1590;
567612872;;1590;
567606732;;1590;
567594467;;1590;
567594165;;1590;
567593924;;1590;
567557227;;1590;
567547620;122377225X;1590;
567518965;;1590;
56750526X;;1590;
567500950;;1590;
56747870X;125051808;1590;
567462773;;1590;
567462749;;1590;
567438821;;1590;
56741809X;;1590;
567398374;;1590;
567338495;;1590;
567333388;;1590;
567322645;128365161;1590;
567311511;263385310;1590;
567310078;;1590;
567266214;;1590;
567209423;;1590;
567190250;;1590;
567188841;;1590;
558994970;;1590;
866898522;;1589;
784858489;;1589;
728627914;;1589;
728620405;;1589;
568239695;;1589;
568235177;;1589;
56823507X;;1589;
568234561;123602912;1589;
568234561;123602920;1589;
568234561;123602939;1589;
568234561;123602947;1589;
568234561;123602955;1589;
568234561;123602963;1589;
568234561;123602971;1589;
568234235;236493000;1589;
568222822;125045875;1589;
568220404;128363843;1589;
568220404;128363991;1589;
568220404;12360169X;1589;
568220404;123601681;1589;
568220404;123601703;1589;
568214420;;1589;
568174992;124307086;1589;
568174992;272546585;1589;
568174992;272546593;1589;
568174992;835609286;1589;
568166094;;1589;
568130995;;1589;
568116887;;1589;
56809798X;;1589;
568085221;;1589;
568078535;;1589;
568052374;;1589;
568037456;;1589;
568004361;220077053;1589;
568004361;1289498784;1589;
567983927;;1589;
567955729;;1589;
56791691X;;1589;
567907139;132308479;1589;
567896935;;1589;
567789861;;1589;
567784606;1473901456;1589;
567764931;;1589;
567748154;;1589;
567718921;;1589;
567695913;248367897;1589;
567693546;;1589;
567685438;;1589;
567610918;;1589;
567601579;;1589;
567594416;;1589;
567593843;;1589;
567592286;;1589;
567591611;;1589;
567542351;;1589;
567504743;;1589;
567474305;;1589;
56746282X;;1589;
567446921;;1589;
567419487;12276093X;1589;
567405605;;1589;
56739994X;124625150;1589;
56739994X;473813270;1589;
56739994X;473813289;1589;
567398242;;1589;
567384683;;1589;
567382702;;1589;
567373304;124625185;1589;
567373304;290971519;1589;
567373304;602044871;1589;
567355381;;1589;
567327361;;1589;
567303128;;1589;
567277712;136227708;1589;
567232093;125045883;1589;
567223396;;1589;
567218961;;1589;
567208761;;1589;
567203883;;1589;
567189295;;1589;
56718885X;;1589;
567180972;;1589;
784858659;;1588;
784855005;;1588;
784846146;;1588;
610001485;;1588;
568223616;;1588;
568219937;;1588;
568214463;;1588;
568213637;;1588;
568187091;;1588;
568095685;287318605;1588;
568095685;287318613;1588;
568068645;;1588;
568063473;;1588;
56803483X;;1588;
568029925;;1588;
568027841;;1588;
568027248;123250080;1588;
568027248;626412927;1588;
567997987;;1588;
567977811;124589979;1588;
567977803;124589960;1588;
567970442;;1588;
567970345;123491037;1588;
567970345;123491045;1588;
567970345;123491053;1588;
567970345;1242944826;1588;
567970140;123489911;1588;
567970140;123489903;1588;
567970140;12348992X;1588;
567963624;;1588;
567943542;;1588;
567941191;;1588;
567929701;;1588;
567896927;;1588;
567886743;;1588;
56787527X;;1588;
567867722;;1588;
567864480;;1588;
567805794;137319231;1588;
567805794;13731924X;1588;
567805794;137319258;1588;
567805794;150928734;1588;
567743985;;1588;
567743217;;1588;
56769884X;;1588;
567694550;;1588;
567641511;;1588;
567637182;;1588;
567608182;;1588;
567594033;;1588;
567594025;124589995;1588;
567592146;;1588;
567582140;;1588;
567570053;;1588;
567559211;;1588;
567545725;;1588;
567518272;124788874;1588;
567512517;124589987;1588;
567454916;123084512;1588;
567454916;123084520;1588;
567402851;;1588;
567366472;124590098;1588;
56733760X;124589952;1588;
567337294;;1588;
56733600X;;1588;
567324095;;1588;
567257223;;1588;
567205916;124240313;1588;
791527204;;1587;
728624745;;1587;
728623048;;1587;
728620677;;1587;
728617218;;1587;
610003992;;1587;
568216598;;1587;
568212932;;1587;
568199065;;1587;
568188756;;1587;
56818663X;;1587;
568165861;;1587;
568116925;;1587;
568113721;;1587;
568106954;;1587;
568087011;;1587;
568067452;;1587;
56805542X;;1587;
568055276;;1587;
568034791;;1587;
568002350;;1587;
567991946;123286425;1587;
567991946;123286417;1587;
567991784;;1587;
56799175X;;1587;
567982637;;1587;
567977900;124590071;1587;
567977900;147762030;1587;
567977854;124706681;1587;
567977854;124706673;1587;
567977854;12470669X;1587;
567970132;123489881;1587;
567970132;12348989X;1587;
567969916;;1587;
567969894;;1587;
567946649;123580889;1587;
567946649;123580897;1587;
567941442;;1587;
567899322;;1587;
567895785;;1587;
567886786;;1587;
567869806;124361951;1587;
567869806;12436196X;1587;
567867706;;1587;
567787990;;1587;
567748561;;1587;
567745287;;1587;
567694178;;1587;
567666670;;1587;
567665097;;1587;
567658791;;1587;
567658627;56837178X;1587;
567634116;;1587;
567628388;;1587;
567619907;;1587;
567615286;136277152;1587;
567615286;136277160;1587;
567597032;;1587;
567588513;;1587;
567586669;;1587;
567582744;;1587;
567582620;;1587;
567572870;;1587;
567548201;;1587;
567539393;;1587;
567522237;;1587;
567472205;;1587;
567456196;;1587;
567434907;;1587;
567421147;;1587;
567372782;136189512;1587;
567338134;;1587;
567333671;;1587;
56733340X;124580513;1587;
56733340X;124580505;1587;
56733340X;147827310;1587;
567329003;;1587;
567327752;12360186X;1587;
567326012;;1587;
567312658;;1587;
567288846;124230016;1587;
567255719;;1587;
567246752;;1587;
56723102X;;1587;
567224538;;1587;
791461262;;1586;
78485033X;;1586;
728629186;;1586;
568236297;;1586;
568219546;14776825X;1586;
568219546;147768225;1586;
568219546;147768233;1586;
568219546;147768241;1586;
568219546;122696859;1586;
568219546;147768268;1586;
568219546;147768276;1586;
568219546;147768284;1586;
568219546;122696840;1586;
568198875;124840795;1586;
568171535;;1586;
568137817;;1586;
568117220;;1586;
568107195;;1586;
56810692X;;1586;
56805217X;;1586;
568001826;;1586;
567974642;;1586;
567970167;;1586;
567963373;123988756;1586;
567946622;;1586;
56791612X;;1586;
567885054;;1586;
56787561X;;1586;
567864278;;1586;
567777901;124121276;1586;
567777901;189408006;1586;
567777901;189408014;1586;
567777901;189408022;1586;
567767590;124812430;1586;
567767590;160887844;1586;
567697541;;1586;
567674398;;1586;
567654303;;1586;
567649792;;1586;
567643085;;1586;
567614816;;1586;
56758397X;;1586;
567562379;;1586;
567558924;;1586;
567550966;;1586;
567550958;;1586;
567547353;;1586;
567539083;;1586;
567533026;;1586;
567478777;;1586;
567458032;;1586;
567457664;;1586;
567457591;;1586;
567444848;285739123;1586;
567438503;;1586;
56741812X;;1586;
567407527;;1586;
567375080;;1586;
567371662;;1586;
567340694;;1586;
567333205;;1586;
567288560;123603714;1586;
567268799;123633036;1586;
567268799;568370759;1586;
567266788;;1586;
567252043;;1586;
567245322;;1586;
567231585;;1586;
56721012X;;1586;
567198499;;1586;
1124403191;;1585;
568229002;;1585;
56822289X;;1585;
568204123;;1585;
568175506;;1585;
568169077;;1585;
568133161;;1585;
568112024;229578756;1585;
568112024;229578764;1585;
568092317;125106890;1585;
568092317;125106882;1585;
568084047;123051290;1585;
568084047;176134255;1585;
568084047;176134263;1585;
568084047;176134271;1585;
568048245;;1585;
568031733;;1585;
568030362;192052055;1585;
568030362;123485908;1585;
567977862;123515017;1585;
567977862;123515025;1585;
567977862;123515033;1585;
567970507;123489296;1585;
567970507;123489288;1585;
567970507;12348927X;1585;
567970469;124513301;1585;
567970469;12451331X;1585;
567970469;147796059;1585;
567970434;;1585;
567970388;;1585;
56797037X;123289742;1585;
56797037X;123289785;1585;
567969797;;1585;
567969738;;1585;
567969681;;1585;
567936805;;1585;
567915379;;1585;
567914682;;1585;
567899071;125048351;1585;
567893928;123506182;1585;
567893928;123506190;1585;
567893928;123506204;1585;
567893928;123506212;1585;
567889394;;1585;
567884953;181366630;1585;
567870944;;1585;
567867676;;1585;
567801373;;1585;
567800016;;1585;
567781968;924309237;1585;
567776980;123485916;1585;
567776980;289232759;1585;
567776980;192052063;1585;
567773825;;1585;
567761142;;1585;
567744531;;1585;
567734544;122899695;1585;
567732266;;1585;
567686558;;1585;
567673545;;1585;
567614573;224571575;1585;
567614573;290975840;1585;
567598020;;1585;
567594351;279570619;1585;
567583481;;1585;
56756701X;;1585;
567554058;;1585;
56755404X;276842456;1585;
567550443;;1585;
567548171;;1585;
567538680;289847109;1585;
56753068X;;1585;
567474070;123615577;1585;
567474070;174990863;1585;
567474070;174990871;1585;
56743169X;12353450X;1585;
56741535X;;1585;
567388808;;1585;
567333582;325875316;1585;
567333582;325875324;1585;
567333582;325875332;1585;
567333582;325875340;1585;
567333582;325875359;1585;
567333582;325875367;1585;
567333485;;1585;
567333345;;1585;
567333299;123489334;1585;
567333124;;1585;
56733192X;;1585;
567322211;124832423;1585;
567322211;124832407;1585;
567322211;124832415;1585;
567306283;;1585;
56729739X;;1585;
567255476;;1585;
567237346;;1585;
567224988;;1585;
1179866649;;1584;
1179853067;;1584;
1112281991;;1584;
749712287;;1584;
749677473;;1584;
728621169;;1584;
568234219;17613378X;1584;
568232909;;1584;
568226046;;1584;
568217861;28985427X;1584;
568190750;;1584;
568158687;;1584;
568138686;;1584;
56811681X;122977300;1584;
56811681X;122977297;1584;
56811681X;137916167;1584;
56811681X;137916175;1584;
568112032;124591868;1584;
568112032;124591876;1584;
568112032;124591884;1584;
568112032;124591892;1584;
568112032;124591906;1584;
568084039;176133224;1584;
568084039;123051282;1584;
568059344;227965981;1584;
568055268;;1584;
568024915;;1584;
568018109;;1584;
567991970;;1584;
567991733;;1584;
567991725;;1584;
567991717;;1584;
567973409;;1584;
567970353;;1584;
567970124;;1584;
567970086;123446562;1584;
567970086;123446570;1584;
567970086;123446589;1584;
567970086;123446597;1584;
567920836;;1584;
567915360;;1584;
567885216;;1584;
567868397;;1584;
567867668;;1584;
567859185;;1584;
567779750;;1584;
567753808;;1584;
567740307;;1584;
56771408X;;1584;
567704491;;1584;
567662055;;1584;
567661784;;1584;
567649873;;1584;
567649660;;1584;
567599817;;1584;
567599310;;1584;
567577368;;1584;
56757492X;;1584;
567574881;;1584;
567574873;;1584;
567574865;;1584;
567574857;;1584;
567574849;;1584;
567574830;;1584;
567570371;;1584;
567565890;;1584;
567560899;123502004;1584;
567543900;;1584;
567543897;;1584;
567510697;;1584;
567507319;;1584;
56750641X;;1584;
567464822;;1584;
567437876;123710219;1584;
567428524;;1584;
567363112;;1584;
567336883;123689945;1584;
567333876;123490391;1584;
567333876;123490405;1584;
567333876;123490413;1584;
567333302;123491444;1584;
567333302;123491452;1584;
567276015;;1584;
567203085;;1584;
567184676;;1584;
568106555;13622993X;1583;
568106555;136229913;1583;
568106555;136229905;1583;
568106555;136229921;1583;
568106555;136229891;1583;
568026500;;1583;
568012321;;1583;
567991989;;1583;
567991962;;1583;
56799189X;;1583;
567991709;;1583;
567991695;;1583;
567988554;;1583;
567977765;1245102877;1583;
567975509;;1583;
567970485;;1583;
56796972X;123446678;1583;
56796972X;123446686;1583;
56796972X;123446694;1583;
567887545;;1583;
56786765X;;1583;
567779378;;1583;
567779343;;1583;
56777712X;;1583;
567775089;126694761;1583;
567764516;127906959;1583;
567764516;127906967;1583;
567712397;;1583;
567711250;;1583;
567676269;;1583;
567654982;;1583;
567624978;;1583;
567614271;;1583;
567574814;;1583;
56756696X;;1583;
567566951;;1583;
567533824;;1583;
56750669X;;1583;
567491072;;1583;
567484033;1245101730;1583;
567417840;;1583;
567363279;;1583;
567324915;123452988;1583;
567315193;;1583;
567298604;;1583;
567293645;;1583;
567288889;;1583;
567264076;;1583;
568112040;;1582;
568105133;;1582;
568055314;124470165;1582;
568025628;122876555;1582;
568025628;122876563;1582;
568025628;122876571;1582;
568025628;12287658X;1582;
568018060;;1582;
567991873;124674402;1582;
567991873;128302585;1582;
567991873;128302593;1582;
567991873;128302607;1582;
567991830;;1582;
567983951;;1582;
567969703;;1582;
567963683;;1582;
567715310;;1582;
567660559;;1582;
567652556;124625258;1582;
567621561;;1582;
56757623X;;1582;
567569624;124391737;1582;
567566943;;1582;
567546772;275294838;1582;
567539989;;1582;
567462447;;1582;
567392201;;1582;
567356043;;1582;
567333515;;1582;
567316939;;1582;
567307468;;1582;
567231518;;1582;
567182819;;1582;
728629542;;1581;
568205464;;1581;
568176626;;1581;
568121074;;1581;
568107101;;1581;
568097971;;1581;
56807792X;;1581;
568055322;231505256;1581;
56805525X;124500536;1581;
568055241;124500528;1581;
568018052;;1581;
567970256;123491274;1581;
567965813;;1581;
567946657;123452996;1581;
567946657;123453003;1581;
567933717;;1581;
567933695;;1581;
567893839;;1581;
567888738;;1581;
567871622;;1581;
567789756;122876938;1581;
567789756;122876946;1581;
567789756;122876954;1581;
567781348;;1581;
567714306;;1581;
567691802;;1581;
567681297;;1581;
567641732;;1581;
567588904;;1581;
567588025;291246796;1581;
567583643;;1581;
567574806;;1581;
567574792;;1581;
567566935;;1581;
567547159;122981006;1581;
567486729;223629677;1581;
567484955;175233128;1581;
567466531;;1581;
56746279X;;1581;
567457818;;1581;
567333523;;1581;
567314928;;1581;
567304922;;1581;
567240630;12427336X;1581;
56719602X;;1581;
56822552X;;1580;
568152468;;1580;
568116836;;1580;
568105192;;1580;
568091418;;1580;
568084152;;1580;
568071425;;1580;
568064356;174549628;1580;
568064356;174549636;1580;
568064356;17454961X;1580;
568064356;174549601;1580;
568055330;;1580;
568042433;;1580;
567996611;125031262;1580;
567996611;1241178941;1580;
567996611;125031254;1580;
567970329;;1580;
567969991;;1580;
567969983;124516963;1580;
567969983;147828570;1580;
567969983;124516955;1580;
56796583X;;1580;
567963675;;1580;
567955710;;1580;
567907031;;1580;
567889548;;1580;
56787530X;;1580;
567870553;;1580;
567720632;;1580;
567630536;;1580;
567622428;;1580;
567618986;12454133X;1580;
567618986;124541348;1580;
567614875;;1580;
567594955;;1580;
567574784;;1580;
567547140;124355595;1580;
567547140;311795137;1580;
567539423;;1580;
567526062;;1580;
567508978;;1580;
567483053;;1580;
567475182;;1580;
567470873;;1580;
567462536;;1580;
567457885;;1580;
567430855;;1580;
567421899;;1580;
567400786;;1580;
567391213;238064964;1580;
567378136;124705170;1580;
567311872;123491126;1580;
567296059;;1580;
567291588;149071205;1580;
56727781X;124513948;1580;
56727781X;124513956;1580;
56727781X;147830338;1580;
567274772;;1580;
567268896;;1580;
567257002;;1580;
56725383X;;1580;
567251071;123883997;1580;
567221717;;1580;
56720104X;;1580;
568176553;;1579;
568145690;;1579;
568136527;123816106;1579;
568136527;123816114;1579;
568136527;123816122;1579;
568105109;123018587;1579;
568083377;17496644X;1579;
568083377;123248485;1579;
568083377;174966458;1579;
568041763;124062083;1579;
568017994;;1579;
568003144;;1579;
568001648;123527805;1579;
567996603;;1579;
567991938;124706886;1579;
567991849;;1579;
567973468;122875389;1579;
567973468;122875397;1579;
567973468;122875400;1579;
567973468;122875419;1579;
567973468;122875427;1579;
567973468;122875435;1579;
567973468;122875443;1579;
567973468;122875451;1579;
567973468;12287546X;1579;
56797023X;;1579;
567969967;;1579;
567924661;;1579;
567885607;;1579;
567687422;;1579;
567601269;125031130;1579;
567601269;125031149;1579;
567589072;;1579;
567570274;;1579;
567511863;;1579;
567406571;;1579;
567329984;;1579;
56725741X;;1579;
567256499;12291578X;1579;
567181111;;1579;
558995772;;1579;
568208757;;1578;
568201205;;1578;
568121066;;1578;
568012674;125087438;1578;
567969886;;1578;
567969789;;1578;
567969770;;1578;
567969762;123489644;1578;
567969762;123489652;1578;
567969762;123489660;1578;
567969762;123489679;1578;
567969762;123489687;1578;
567969754;;1578;
56796373X;;1578;
567931668;;1578;
567922987;;1578;
567922979;;1578;
567916014;;1578;
56778665X;123761182;1578;
56773966X;;1578;
567705390;;1578;
567663604;;1578;
567611256;122779584;1578;
567611256;122779592;1578;
567585301;;1578;
567568415;;1578;
567548147;;1578;
567360830;;1578;
567356051;;1578;
567340821;;1578;
567333183;;1578;
567333140;;1578;
567310647;;1578;
567296865;12348975X;1578;
567256960;;1578;
567217221;;1578;
567212327;;1578;
784849986;;1577;
568228502;;1577;
568216768;;1577;
56804276X;122946960;1577;
56804276X;122946952;1577;
56804276X;27384752X;1577;
56804276X;273847538;1577;
568018494;;1577;
568017951;;1577;
567970426;;1577;
567963659;;1577;
567859134;;1577;
567797058;288258525;1577;
567548139;;1577;
567524868;;1577;
56751319X;;1577;
567487245;;1577;
567401162;132264730;1577;
567360911;125031270;1577;
567360911;125031289;1577;
567360911;134647149;1577;
56736089X;;1577;
567328465;;1577;
567319148;;1577;
567300811;;1577;
567264661;132129000;1577;
567259366;;1577;
567257320;123601959;1577;
567203611;;1577;
567192601;;1577;
728624117;;1576;
568234243;;1576;
568169522;;1576;
56810224X;;1576;
568055209;;1576;
56799662X;;1576;
567991865;;1576;
567889831;124876129;1576;
567889831;124876137;1576;
567889831;124876145;1576;
567889831;156166097;1576;
567879356;;1576;
567737756;;1576;
567634647;132129825;1576;
567634647;132129833;1576;
567629198;124053327;1576;
567589862;;1576;
567589161;;1576;
567514781;;1576;
567430944;;1576;
567414019;;1576;
567396282;;1576;
567310868;128565667;1576;
567310868;123602130;1576;
567310868;132127040;1576;
567310868;132127059;1576;
567284697;;1576;
567278891;;1576;
56726405X;;1576;
567255433;;1576;
567250318;12848571X;1576;
567250318;574863117;1576;
567250318;574863125;1576;
567250318;574863133;1576;
567250318;574863141;1576;
567250318;57486315X;1576;
568035593;;1575;
568017919;;1575;
568003136;;1575;
56799192X;;1575;
567991822;;1575;
567991814;;1575;
567991806;124674569;1575;
567991792;;1575;
567972224;12297607X;1575;
567972224;122976088;1575;
567972224;122976096;1575;
567970019;;1575;
567969878;;1575;
567969843;;1575;
56796440X;124674534;1575;
56796440X;147159490;1575;
567963721;;1575;
567897745;;1575;
567895734;123073308;1575;
567895734;123073316;1575;
567613739;124598498;1575;
567588378;;1575;
567434966;124674593;1575;
567434966;124674607;1575;
567434966;124674615;1575;
567434966;124674623;1575;
567434966;147160774;1575;
567434966;147160782;1575;
567389650;124930581;1575;
567389650;12493059X;1575;
567389650;124930603;1575;
567365891;;1575;
567356957;;1575;
567303918;123602335;1575;
567303918;573343357;1575;
567303918;573343365;1575;
567301508;123603463;1575;
567301419;123991196;1575;
567301419;12399120X;1575;
567301419;123991218;1575;
567285219;;1575;
567257185;;1575;
567206157;;1575;
568084179;;1574;
568017900;;1574;
567991881;;1574;
567991857;;1574;
567977919;124590187;1574;
567969851;;1574;
567969746;123489792;1574;
56796969X;;1574;
567963713;;1574;
567665763;;1574;
567587126;;1574;
567366847;;1574;
567333272;;1574;
567283054;123548691;1574;
567283054;123548705;1574;
567283054;123548713;1574;
567283054;123548721;1574;
567264181;;1574;
567253171;;1574;
567219267;;1574;
567216624;123159296;1574;
567216624;12315930X;1574;
567216624;123159318;1574;
568105168;;1573;
568084160;;1573;
568075889;;1573;
567970477;124513964;1573;
567970477;124513972;1573;
567970477;124513298;1573;
567970248;;1573;
567970221;;1573;
567969975;;1573;
567961575;;1573;
567798445;;1573;
567771865;;1573;
56776110X;;1573;
567752399;;1573;
567672905;;1573;
567550885;;1573;
567474291;;1573;
567325458;;1573;
567260259;;1573;
567214788;;1573;
568192737;;1572;
568192702;122774981;1572;
568085116;;1572;
56808411X;;1572;
568084071;;1572;
56806111X;124248519;1572;
56806111X;140820531;1572;
56806111X;14082054X;1572;
567991911;;1572;
567972364;;1572;
567970418;;1572;
567970337;;1572;
567970094;;1572;
567970000;;1572;
567921727;124513182;1572;
56777841X;12305009X;1572;
56777841X;123050103;1572;
56777841X;123050111;1572;
56777841X;12305012X;1572;
56777841X;123050138;1572;
56777841X;123050146;1572;
56777841X;123050154;1572;
56777841X;123050162;1572;
56777841X;123050170;1572;
56777841X;123050189;1572;
56777841X;123050197;1572;
567737888;;1572;
567735036;;1572;
567590747;;1572;
567578526;;1572;
567462897;124180604;1572;
567457893;;1572;
567393224;;1572;
567366596;;1572;
567341127;;1572;
567335321;;1572;
567333728;124213715;1572;
567333728;124213723;1572;
567333590;;1572;
567333477;;1572;
567333310;;1572;
567321460;;1572;
56722936X;;1572;
567196550;;1572;
567192644;;1572;
567181545;;1572;
568192257;124470629;1571;
568192257;124470637;1571;
568192257;124470645;1571;
568192257;124470653;1571;
568192257;124470661;1571;
568175492;;1571;
568141768;;1571;
568133218;;1571;
568082559;;1571;
568078330;;1571;
568065735;;1571;
568064453;;1571;
568017846;;1571;
567970531;;1571;
567970213;;1571;
567970108;123490987;1571;
567970108;123490995;1571;
567970108;123491002;1571;
567774112;;1571;
567746011;;1571;
567718727;124414362;1571;
567718727;124414370;1571;
567718727;268357897;1571;
567637778;;1571;
567590771;;1571;
567564479;;1571;
567558886;;1571;
567487350;;1571;
567484297;;1571;
567454363;;1571;
567333264;127761926;1571;
567333264;127761918;1571;
567333132;123490324;1571;
567333132;123490332;1571;
567333132;123490340;1571;
567332837;;1571;
567324834;;1571;
56732057X;;1571;
567275256;;1571;
567271293;;1571;
567250970;;1571;
567194809;;1571;
568229320;;1570;
568226259;;1570;
568084187;;1570;
568084128;;1570;
568012577;;1570;
568008138;;1570;
567970310;;1570;
567964876;123480582;1570;
567963705;;1570;
567873897;124217869;1570;
567873897;124217877;1570;
567873897;124217885;1570;
567873897;124217893;1570;
567873897;124217907;1570;
567873897;124217915;1570;
567873897;21743777X;1570;
567873897;1164498002;1570;
567873889;12299177X;1570;
567873889;122991761;1570;
567722511;;1570;
567720039;;1570;
567641627;123490529;1570;
567641627;123490537;1570;
567641627;123490545;1570;
567641627;123490553;1570;
567641627;123490561;1570;
567548120;;1570;
567524833;;1570;
567509826;;1570;
567506541;122779797;1570;
567506541;122779800;1570;
567506541;153020555;1570;
567506541;153020563;1570;
567506541;153020571;1570;
567406911;;1570;
567333248;12349057X;1570;
567333191;;1570;
567269809;;1570;
567232085;123491592;1570;
728616521;;1569;
568230779;;1569;
568223403;123231205;1569;
568223403;123231213;1569;
568223403;123231221;1569;
568223403;12323123X;1569;
568223403;123231248;1569;
568223403;123231256;1569;
568223403;123455367;1569;
568220056;;1569;
568218892;;1569;
568212738;;1569;
567970205;12777162X;1569;
567970116;;1569;
567963667;123963370;1569;
567885992;;1569;
567748251;;1569;
567696510;;1569;
56766838X;;1569;
567585131;290073995;1569;
567583074;;1569;
567553140;;1569;
567552586;124461034;1569;
567550850;289080215;1569;
567550230;;1569;
567420779;;1569;
567403238;577312162;1569;
567380955;124961622;1569;
567261352;;1569;
56726064X;12349608X;1569;
567238210;;1569;
567204138;;1569;
567194388;;1569;
568064666;;1568;
568052285;;1568;
568012550;;1568;
567970566;;1568;
567970035;;1568;
567969800;;1568;
567608077;;1568;
567602796;;1568;
567589870;;1568;
567373894;;1568;
567333434;;1568;
56733239X;;1568;
567330974;;1568;
567275876;;1568;
567261581;;1568;
568211596;;1567;
56803936X;;1567;
568029909;;1567;
567970027;;1567;
567588327;;1567;
567290948;;1567;
567210030;;1567;
568225147;;1566;
56814208X;124249256;1566;
568105222;;1566;
568012542;1457718766;1566;
568012542;124881084;1566;
568012224;;1566;
567586367;;1566;
567486575;;1566;
567388379;;1566;
567261212;;1566;
77925127X;;1565;
568135911;;1565;
568105214;;1565;
568048237;;1565;
567933709;;1565;
567618943;;1565;
568221672;;1564;
568176375;;1564;
567970183;124458572;1564;
567970183;124458580;1564;
567970183;124458599;1564;
567970183;124458602;1564;
567970183;124458610;1564;
567970183;124458629;1564;
567970183;124458637;1564;
567970159;;1564;
56797006X;;1564;
567970051;124474063;1564;
567970051;124474071;1564;
567970051;12447408X;1564;
567970051;124474098;1564;
567970051;124474101;1564;
567970051;12447411X;1564;
567970043;124553788;1564;
567970043;124553796;1564;
567970043;12455380X;1564;
567970043;124553818;1564;
567970043;124553826;1564;
567970043;124553834;1564;
567969673;124553680;1564;
567913015;;1564;
567891631;;1564;
567800768;;1564;
567605604;122779959;1564;
567495825;;1564;
568105206;;1563;
568064712;;1563;
568058208;;1563;
567875377;123000661;1563;
567875377;12300067X;1563;
567875377;123000688;1563;
567875377;123000696;1563;
567875377;12300070X;1563;
567875377;123000718;1563;
567875377;123000726;1563;
567875377;123000734;1563;
567875377;123000742;1563;
567874869;;1563;
567666018;;1563;
567552454;;1563;
567440575;123407125;1563;
567432475;;1563;
567378764;;1563;
56727103X;;1563;
567261069;;1563;
568235312;;1562;
568235304;124706746;1562;
568235304;124706754;1562;
568235304;124706762;1562;
568235304;124706770;1562;
568235304;124706789;1562;
568235304;124706797;1562;
568235304;124706800;1562;
568235304;124706819;1562;
568235304;124434495;1562;
568235304;124434509;1562;
568222814;;1562;
567970515;;1562;
56797040X;;1562;
567969924;;1562;
567889432;;1562;
567747182;;1562;
567719359;;1562;
567714950;;1562;
567684466;;1562;
567546667;;1562;
567433552;;1562;
567333787;123491835;1562;
567333787;123491843;1562;
567333744;123491827;1562;
567301486;;1562;
567242897;;1562;
784844720;;1561;
568126491;123055180;1561;
568077490;;1561;
567982424;;1561;
567970493;;1561;
567970302;;1561;
567969835;;1561;
567969819;;1561;
56791805X;;1561;
567889858;;1561;
567333418;;1561;
567302024;;1561;
728623323;;1560;
568215036;;1560;
568175964;;1560;
568159322;;1560;
568077482;;1560;
568077474;;1560;
568036387;;1560;
568036379;122920228;1560;
567970361;;1560;
567970299;123491304;1560;
567970280;;1560;
567969827;;1560;
567969711;;1560;
567885704;;1560;
567712753;;1560;
567591093;;1560;
567321525;12375254X;1560;
567278107;;1560;
567206653;;1560;
567188507;;1560;
568217160;;1559;
568126467;284654523;1559;
568036352;;1559;
568027825;;1559;
567885909;123602114;1559;
567885909;123602122;1559;
567885909;128365242;1559;
567885852;128350296;1559;
567707881;;1559;
567435768;234100974;1559;
567325679;;1559;
567282430;128568623;1559;
567270467;;1559;
567269523;;1559;
567223256;128364785;1559;
568235630;;1558;
568068483;;1558;
567879682;;1558;
567523853;;1558;
567467406;;1558;
56740000X;;1558;
567297918;;1558;
567279367;124818951;1558;
567264548;;1558;
568229827;123602343;1557;
567779432;;1557;
567601390;;1557;
567408132;;1557;
567329720;;1557;
567278077;;1557;
567267636;123216141;1557;
567264971;;1557;
567219542;;1557;
568221095;;1556;
567961680;;1556;
567566307;;1556;
567509540;;1556;
567412555;123679508;1556;
567407969;12285246X;1556;
567398927;;1556;
567275574;123600456;1556;
567257339;123601266;1556;
567256790;123987253;1556;
568239423;;1555;
568208803;;1555;
56817979X;;1555;
567896846;;1555;
567885917;;1555;
567586995;;1555;
567508706;124675182;1555;
567462838;123276497;1555;
567462838;123276500;1555;
567333469;;1555;
567297764;123600464;1555;
567258688;123753201;1555;
567258688;12375321X;1555;
567256995;;1555;
567256707;;1554;
568197151;123619920;1553;
568197151;123619939;1553;
568197151;123619947;1553;
568197151;123619955;1553;
568197151;123619963;1553;
56804102X;;1553;
568040457;122971663;1553;
567898059;;1553;
567618854;;1553;
567256871;;1552;
567245438;;1552;
567875334;;1550;
567976394;;1547;
567898113;;1547;
568030303;;1545;
567437345;;1544;
568225325;;1540;
568140907;;1540;
567788091;;1540;
567788105;;1539;
567487792;;1533;
568105117;;1532;
